-- phpMyAdmin SQL Dump
-- version 5.1.3
-- https://www.phpmyadmin.net/
--
-- Host: localhost:3306
-- Generation Time: Jul 10, 2023 at 05:31 AM
-- Server version: 5.7.33
-- PHP Version: 8.1.10

SET SQL_MODE = "NO_AUTO_VALUE_ON_ZERO";
START TRANSACTION;
SET time_zone = "+00:00";


/*!40101 SET @OLD_CHARACTER_SET_CLIENT=@@CHARACTER_SET_CLIENT */;
/*!40101 SET @OLD_CHARACTER_SET_RESULTS=@@CHARACTER_SET_RESULTS */;
/*!40101 SET @OLD_COLLATION_CONNECTION=@@COLLATION_CONNECTION */;
/*!40101 SET NAMES utf8mb4 */;

--
-- Database: `lara-eshop`
--

-- --------------------------------------------------------

--
-- Table structure for table `carts`
--

CREATE TABLE `carts` (
  `id` bigint(20) UNSIGNED NOT NULL,
  `user_id` varchar(191) COLLATE utf8mb4_unicode_ci NOT NULL,
  `prod_id` varchar(191) COLLATE utf8mb4_unicode_ci NOT NULL,
  `prod_qty` int(191) NOT NULL,
  `prod_size` varchar(191) COLLATE utf8mb4_unicode_ci NOT NULL,
  `message` varchar(191) COLLATE utf8mb4_unicode_ci DEFAULT NULL,
  `created_at` timestamp NULL DEFAULT NULL,
  `updated_at` timestamp NULL DEFAULT NULL
) ENGINE=InnoDB DEFAULT CHARSET=utf8mb4 COLLATE=utf8mb4_unicode_ci;

-- --------------------------------------------------------

--
-- Table structure for table `categories`
--

CREATE TABLE `categories` (
  `id` bigint(20) UNSIGNED NOT NULL,
  `name` varchar(191) COLLATE utf8mb4_unicode_ci NOT NULL,
  `slug` varchar(191) COLLATE utf8mb4_unicode_ci NOT NULL,
  `description` varchar(191) COLLATE utf8mb4_unicode_ci NOT NULL,
  `status` tinyint(4) NOT NULL DEFAULT '0',
  `popular` tinyint(4) NOT NULL DEFAULT '0',
  `image` varchar(191) COLLATE utf8mb4_unicode_ci DEFAULT NULL,
  `created_at` timestamp NULL DEFAULT NULL,
  `updated_at` timestamp NULL DEFAULT NULL
) ENGINE=InnoDB DEFAULT CHARSET=utf8mb4 COLLATE=utf8mb4_unicode_ci;

--
-- Dumping data for table `categories`
--

INSERT INTO `categories` (`id`, `name`, `slug`, `description`, `status`, `popular`, `image`, `created_at`, `updated_at`) VALUES
(1, 'Sandal Slop', 'sandal-slop', 'Sandal Slop Terbaik di Galaksi ini', 1, 0, '1652071137.jpg', '2022-01-04 11:16:16', '2022-05-09 04:41:14'),
(4, 'Sandal Pria', 'sandal-pria', '<div>Sandal Pria Terbaik</div>', 0, 1, '1641524778.jpg', '2022-01-07 03:06:18', '2022-05-09 04:41:02');

-- --------------------------------------------------------

--
-- Table structure for table `cities`
--

CREATE TABLE `cities` (
  `id` bigint(20) UNSIGNED NOT NULL,
  `province_id` int(10) UNSIGNED NOT NULL,
  `city_id` int(10) UNSIGNED NOT NULL,
  `name` varchar(191) COLLATE utf8mb4_unicode_ci NOT NULL,
  `created_at` timestamp NULL DEFAULT NULL,
  `updated_at` timestamp NULL DEFAULT NULL
) ENGINE=InnoDB DEFAULT CHARSET=utf8mb4 COLLATE=utf8mb4_unicode_ci;

--
-- Dumping data for table `cities`
--

INSERT INTO `cities` (`id`, `province_id`, `city_id`, `name`, `created_at`, `updated_at`) VALUES
(1, 1, 17, 'Badung', '2022-01-10 05:18:18', '2022-01-10 05:18:18'),
(2, 1, 32, 'Bangli', '2022-01-10 05:18:18', '2022-01-10 05:18:18'),
(3, 1, 94, 'Buleleng', '2022-01-10 05:18:18', '2022-01-10 05:18:18'),
(4, 1, 114, 'Denpasar', '2022-01-10 05:18:18', '2022-01-10 05:18:18'),
(5, 1, 128, 'Gianyar', '2022-01-10 05:18:18', '2022-01-10 05:18:18'),
(6, 1, 161, 'Jembrana', '2022-01-10 05:18:18', '2022-01-10 05:18:18'),
(7, 1, 170, 'Karangasem', '2022-01-10 05:18:18', '2022-01-10 05:18:18'),
(8, 1, 197, 'Klungkung', '2022-01-10 05:18:18', '2022-01-10 05:18:18'),
(9, 1, 447, 'Tabanan', '2022-01-10 05:18:18', '2022-01-10 05:18:18'),
(10, 2, 27, 'Bangka', '2022-01-10 05:18:19', '2022-01-10 05:18:19'),
(11, 2, 28, 'Bangka Barat', '2022-01-10 05:18:19', '2022-01-10 05:18:19'),
(12, 2, 29, 'Bangka Selatan', '2022-01-10 05:18:19', '2022-01-10 05:18:19'),
(13, 2, 30, 'Bangka Tengah', '2022-01-10 05:18:19', '2022-01-10 05:18:19'),
(14, 2, 56, 'Belitung', '2022-01-10 05:18:19', '2022-01-10 05:18:19'),
(15, 2, 57, 'Belitung Timur', '2022-01-10 05:18:19', '2022-01-10 05:18:19'),
(16, 2, 334, 'Pangkal Pinang', '2022-01-10 05:18:19', '2022-01-10 05:18:19'),
(17, 3, 106, 'Cilegon', '2022-01-10 05:18:21', '2022-01-10 05:18:21'),
(18, 3, 232, 'Lebak', '2022-01-10 05:18:21', '2022-01-10 05:18:21'),
(19, 3, 331, 'Pandeglang', '2022-01-10 05:18:21', '2022-01-10 05:18:21'),
(20, 3, 402, 'Serang', '2022-01-10 05:18:21', '2022-01-10 05:18:21'),
(21, 3, 403, 'Serang', '2022-01-10 05:18:21', '2022-01-10 05:18:21'),
(22, 3, 455, 'Tangerang', '2022-01-10 05:18:21', '2022-01-10 05:18:21'),
(23, 3, 456, 'Tangerang', '2022-01-10 05:18:21', '2022-01-10 05:18:21'),
(24, 3, 457, 'Tangerang Selatan', '2022-01-10 05:18:21', '2022-01-10 05:18:21'),
(25, 4, 62, 'Bengkulu', '2022-01-10 05:18:22', '2022-01-10 05:18:22'),
(26, 4, 63, 'Bengkulu Selatan', '2022-01-10 05:18:22', '2022-01-10 05:18:22'),
(27, 4, 64, 'Bengkulu Tengah', '2022-01-10 05:18:22', '2022-01-10 05:18:22'),
(28, 4, 65, 'Bengkulu Utara', '2022-01-10 05:18:22', '2022-01-10 05:18:22'),
(29, 4, 175, 'Kaur', '2022-01-10 05:18:22', '2022-01-10 05:18:22'),
(30, 4, 183, 'Kepahiang', '2022-01-10 05:18:22', '2022-01-10 05:18:22'),
(31, 4, 233, 'Lebong', '2022-01-10 05:18:22', '2022-01-10 05:18:22'),
(32, 4, 294, 'Muko Muko', '2022-01-10 05:18:22', '2022-01-10 05:18:22'),
(33, 4, 379, 'Rejang Lebong', '2022-01-10 05:18:22', '2022-01-10 05:18:22'),
(34, 4, 397, 'Seluma', '2022-01-10 05:18:22', '2022-01-10 05:18:22'),
(35, 5, 39, 'Bantul', '2022-01-10 05:18:23', '2022-01-10 05:18:23'),
(36, 5, 135, 'Gunung Kidul', '2022-01-10 05:18:23', '2022-01-10 05:18:23'),
(37, 5, 210, 'Kulon Progo', '2022-01-10 05:18:23', '2022-01-10 05:18:23'),
(38, 5, 419, 'Sleman', '2022-01-10 05:18:23', '2022-01-10 05:18:23'),
(39, 5, 501, 'Yogyakarta', '2022-01-10 05:18:23', '2022-01-10 05:18:23'),
(40, 6, 151, 'Jakarta Barat', '2022-01-10 05:18:24', '2022-01-10 05:18:24'),
(41, 6, 152, 'Jakarta Pusat', '2022-01-10 05:18:24', '2022-01-10 05:18:24'),
(42, 6, 153, 'Jakarta Selatan', '2022-01-10 05:18:24', '2022-01-10 05:18:24'),
(43, 6, 154, 'Jakarta Timur', '2022-01-10 05:18:24', '2022-01-10 05:18:24'),
(44, 6, 155, 'Jakarta Utara', '2022-01-10 05:18:24', '2022-01-10 05:18:24'),
(45, 6, 189, 'Kepulauan Seribu', '2022-01-10 05:18:24', '2022-01-10 05:18:24'),
(46, 7, 77, 'Boalemo', '2022-01-10 05:18:26', '2022-01-10 05:18:26'),
(47, 7, 88, 'Bone Bolango', '2022-01-10 05:18:26', '2022-01-10 05:18:26'),
(48, 7, 129, 'Gorontalo', '2022-01-10 05:18:26', '2022-01-10 05:18:26'),
(49, 7, 130, 'Gorontalo', '2022-01-10 05:18:26', '2022-01-10 05:18:26'),
(50, 7, 131, 'Gorontalo Utara', '2022-01-10 05:18:26', '2022-01-10 05:18:26'),
(51, 7, 361, 'Pohuwato', '2022-01-10 05:18:26', '2022-01-10 05:18:26'),
(52, 8, 50, 'Batang Hari', '2022-01-10 05:18:27', '2022-01-10 05:18:27'),
(53, 8, 97, 'Bungo', '2022-01-10 05:18:27', '2022-01-10 05:18:27'),
(54, 8, 156, 'Jambi', '2022-01-10 05:18:27', '2022-01-10 05:18:27'),
(55, 8, 194, 'Kerinci', '2022-01-10 05:18:27', '2022-01-10 05:18:27'),
(56, 8, 280, 'Merangin', '2022-01-10 05:18:27', '2022-01-10 05:18:27'),
(57, 8, 293, 'Muaro Jambi', '2022-01-10 05:18:27', '2022-01-10 05:18:27'),
(58, 8, 393, 'Sarolangun', '2022-01-10 05:18:27', '2022-01-10 05:18:27'),
(59, 8, 442, 'Sungaipenuh', '2022-01-10 05:18:27', '2022-01-10 05:18:27'),
(60, 8, 460, 'Tanjung Jabung Barat', '2022-01-10 05:18:27', '2022-01-10 05:18:27'),
(61, 8, 461, 'Tanjung Jabung Timur', '2022-01-10 05:18:27', '2022-01-10 05:18:27'),
(62, 8, 471, 'Tebo', '2022-01-10 05:18:27', '2022-01-10 05:18:27'),
(63, 9, 22, 'Bandung', '2022-01-10 05:18:28', '2022-01-10 05:18:28'),
(64, 9, 23, 'Bandung', '2022-01-10 05:18:28', '2022-01-10 05:18:28'),
(65, 9, 24, 'Bandung Barat', '2022-01-10 05:18:28', '2022-01-10 05:18:28'),
(66, 9, 34, 'Banjar', '2022-01-10 05:18:28', '2022-01-10 05:18:28'),
(67, 9, 54, 'Bekasi', '2022-01-10 05:18:28', '2022-01-10 05:18:28'),
(68, 9, 55, 'Bekasi', '2022-01-10 05:18:28', '2022-01-10 05:18:28'),
(69, 9, 78, 'Bogor', '2022-01-10 05:18:28', '2022-01-10 05:18:28'),
(70, 9, 79, 'Bogor', '2022-01-10 05:18:28', '2022-01-10 05:18:28'),
(71, 9, 103, 'Ciamis', '2022-01-10 05:18:28', '2022-01-10 05:18:28'),
(72, 9, 104, 'Cianjur', '2022-01-10 05:18:28', '2022-01-10 05:18:28'),
(73, 9, 107, 'Cimahi', '2022-01-10 05:18:28', '2022-01-10 05:18:28'),
(74, 9, 108, 'Cirebon', '2022-01-10 05:18:28', '2022-01-10 05:18:28'),
(75, 9, 109, 'Cirebon', '2022-01-10 05:18:28', '2022-01-10 05:18:28'),
(76, 9, 115, 'Depok', '2022-01-10 05:18:28', '2022-01-10 05:18:28'),
(77, 9, 126, 'Garut', '2022-01-10 05:18:28', '2022-01-10 05:18:28'),
(78, 9, 149, 'Indramayu', '2022-01-10 05:18:28', '2022-01-10 05:18:28'),
(79, 9, 171, 'Karawang', '2022-01-10 05:18:28', '2022-01-10 05:18:28'),
(80, 9, 211, 'Kuningan', '2022-01-10 05:18:28', '2022-01-10 05:18:28'),
(81, 9, 252, 'Majalengka', '2022-01-10 05:18:28', '2022-01-10 05:18:28'),
(82, 9, 332, 'Pangandaran', '2022-01-10 05:18:28', '2022-01-10 05:18:28'),
(83, 9, 376, 'Purwakarta', '2022-01-10 05:18:28', '2022-01-10 05:18:28'),
(84, 9, 428, 'Subang', '2022-01-10 05:18:28', '2022-01-10 05:18:28'),
(85, 9, 430, 'Sukabumi', '2022-01-10 05:18:28', '2022-01-10 05:18:28'),
(86, 9, 431, 'Sukabumi', '2022-01-10 05:18:28', '2022-01-10 05:18:28'),
(87, 9, 440, 'Sumedang', '2022-01-10 05:18:28', '2022-01-10 05:18:28'),
(88, 9, 468, 'Tasikmalaya', '2022-01-10 05:18:28', '2022-01-10 05:18:28'),
(89, 9, 469, 'Tasikmalaya', '2022-01-10 05:18:28', '2022-01-10 05:18:28'),
(90, 10, 37, 'Banjarnegara', '2022-01-10 05:18:30', '2022-01-10 05:18:30'),
(91, 10, 41, 'Banyumas', '2022-01-10 05:18:30', '2022-01-10 05:18:30'),
(92, 10, 49, 'Batang', '2022-01-10 05:18:30', '2022-01-10 05:18:30'),
(93, 10, 76, 'Blora', '2022-01-10 05:18:30', '2022-01-10 05:18:30'),
(94, 10, 91, 'Boyolali', '2022-01-10 05:18:30', '2022-01-10 05:18:30'),
(95, 10, 92, 'Brebes', '2022-01-10 05:18:30', '2022-01-10 05:18:30'),
(96, 10, 105, 'Cilacap', '2022-01-10 05:18:30', '2022-01-10 05:18:30'),
(97, 10, 113, 'Demak', '2022-01-10 05:18:30', '2022-01-10 05:18:30'),
(98, 10, 134, 'Grobogan', '2022-01-10 05:18:30', '2022-01-10 05:18:30'),
(99, 10, 163, 'Jepara', '2022-01-10 05:18:30', '2022-01-10 05:18:30'),
(100, 10, 169, 'Karanganyar', '2022-01-10 05:18:30', '2022-01-10 05:18:30'),
(101, 10, 177, 'Kebumen', '2022-01-10 05:18:30', '2022-01-10 05:18:30'),
(102, 10, 181, 'Kendal', '2022-01-10 05:18:30', '2022-01-10 05:18:30'),
(103, 10, 196, 'Klaten', '2022-01-10 05:18:30', '2022-01-10 05:18:30'),
(104, 10, 209, 'Kudus', '2022-01-10 05:18:30', '2022-01-10 05:18:30'),
(105, 10, 249, 'Magelang', '2022-01-10 05:18:30', '2022-01-10 05:18:30'),
(106, 10, 250, 'Magelang', '2022-01-10 05:18:30', '2022-01-10 05:18:30'),
(107, 10, 344, 'Pati', '2022-01-10 05:18:30', '2022-01-10 05:18:30'),
(108, 10, 348, 'Pekalongan', '2022-01-10 05:18:30', '2022-01-10 05:18:30'),
(109, 10, 349, 'Pekalongan', '2022-01-10 05:18:30', '2022-01-10 05:18:30'),
(110, 10, 352, 'Pemalang', '2022-01-10 05:18:30', '2022-01-10 05:18:30'),
(111, 10, 375, 'Purbalingga', '2022-01-10 05:18:30', '2022-01-10 05:18:30'),
(112, 10, 377, 'Purworejo', '2022-01-10 05:18:30', '2022-01-10 05:18:30'),
(113, 10, 380, 'Rembang', '2022-01-10 05:18:30', '2022-01-10 05:18:30'),
(114, 10, 386, 'Salatiga', '2022-01-10 05:18:30', '2022-01-10 05:18:30'),
(115, 10, 398, 'Semarang', '2022-01-10 05:18:30', '2022-01-10 05:18:30'),
(116, 10, 399, 'Semarang', '2022-01-10 05:18:30', '2022-01-10 05:18:30'),
(117, 10, 427, 'Sragen', '2022-01-10 05:18:30', '2022-01-10 05:18:30'),
(118, 10, 433, 'Sukoharjo', '2022-01-10 05:18:30', '2022-01-10 05:18:30'),
(119, 10, 445, 'Surakarta (Solo)', '2022-01-10 05:18:30', '2022-01-10 05:18:30'),
(120, 10, 472, 'Tegal', '2022-01-10 05:18:30', '2022-01-10 05:18:30'),
(121, 10, 473, 'Tegal', '2022-01-10 05:18:30', '2022-01-10 05:18:30'),
(122, 10, 476, 'Temanggung', '2022-01-10 05:18:30', '2022-01-10 05:18:30'),
(123, 10, 497, 'Wonogiri', '2022-01-10 05:18:30', '2022-01-10 05:18:30'),
(124, 10, 498, 'Wonosobo', '2022-01-10 05:18:30', '2022-01-10 05:18:30'),
(125, 11, 31, 'Bangkalan', '2022-01-10 05:18:31', '2022-01-10 05:18:31'),
(126, 11, 42, 'Banyuwangi', '2022-01-10 05:18:31', '2022-01-10 05:18:31'),
(127, 11, 51, 'Batu', '2022-01-10 05:18:31', '2022-01-10 05:18:31'),
(128, 11, 74, 'Blitar', '2022-01-10 05:18:31', '2022-01-10 05:18:31'),
(129, 11, 75, 'Blitar', '2022-01-10 05:18:31', '2022-01-10 05:18:31'),
(130, 11, 80, 'Bojonegoro', '2022-01-10 05:18:31', '2022-01-10 05:18:31'),
(131, 11, 86, 'Bondowoso', '2022-01-10 05:18:31', '2022-01-10 05:18:31'),
(132, 11, 133, 'Gresik', '2022-01-10 05:18:31', '2022-01-10 05:18:31'),
(133, 11, 160, 'Jember', '2022-01-10 05:18:31', '2022-01-10 05:18:31'),
(134, 11, 164, 'Jombang', '2022-01-10 05:18:31', '2022-01-10 05:18:31'),
(135, 11, 178, 'Kediri', '2022-01-10 05:18:31', '2022-01-10 05:18:31'),
(136, 11, 179, 'Kediri', '2022-01-10 05:18:31', '2022-01-10 05:18:31'),
(137, 11, 222, 'Lamongan', '2022-01-10 05:18:31', '2022-01-10 05:18:31'),
(138, 11, 243, 'Lumajang', '2022-01-10 05:18:31', '2022-01-10 05:18:31'),
(139, 11, 247, 'Madiun', '2022-01-10 05:18:31', '2022-01-10 05:18:31'),
(140, 11, 248, 'Madiun', '2022-01-10 05:18:31', '2022-01-10 05:18:31'),
(141, 11, 251, 'Magetan', '2022-01-10 05:18:31', '2022-01-10 05:18:31'),
(142, 11, 255, 'Malang', '2022-01-10 05:18:31', '2022-01-10 05:18:31'),
(143, 11, 256, 'Malang', '2022-01-10 05:18:31', '2022-01-10 05:18:31'),
(144, 11, 289, 'Mojokerto', '2022-01-10 05:18:31', '2022-01-10 05:18:31'),
(145, 11, 290, 'Mojokerto', '2022-01-10 05:18:31', '2022-01-10 05:18:31'),
(146, 11, 305, 'Nganjuk', '2022-01-10 05:18:31', '2022-01-10 05:18:31'),
(147, 11, 306, 'Ngawi', '2022-01-10 05:18:31', '2022-01-10 05:18:31'),
(148, 11, 317, 'Pacitan', '2022-01-10 05:18:31', '2022-01-10 05:18:31'),
(149, 11, 330, 'Pamekasan', '2022-01-10 05:18:31', '2022-01-10 05:18:31'),
(150, 11, 342, 'Pasuruan', '2022-01-10 05:18:31', '2022-01-10 05:18:31'),
(151, 11, 343, 'Pasuruan', '2022-01-10 05:18:31', '2022-01-10 05:18:31'),
(152, 11, 363, 'Ponorogo', '2022-01-10 05:18:31', '2022-01-10 05:18:31'),
(153, 11, 369, 'Probolinggo', '2022-01-10 05:18:31', '2022-01-10 05:18:31'),
(154, 11, 370, 'Probolinggo', '2022-01-10 05:18:31', '2022-01-10 05:18:31'),
(155, 11, 390, 'Sampang', '2022-01-10 05:18:31', '2022-01-10 05:18:31'),
(156, 11, 409, 'Sidoarjo', '2022-01-10 05:18:31', '2022-01-10 05:18:31'),
(157, 11, 418, 'Situbondo', '2022-01-10 05:18:31', '2022-01-10 05:18:31'),
(158, 11, 441, 'Sumenep', '2022-01-10 05:18:31', '2022-01-10 05:18:31'),
(159, 11, 444, 'Surabaya', '2022-01-10 05:18:31', '2022-01-10 05:18:31'),
(160, 11, 487, 'Trenggalek', '2022-01-10 05:18:31', '2022-01-10 05:18:31'),
(161, 11, 489, 'Tuban', '2022-01-10 05:18:31', '2022-01-10 05:18:31'),
(162, 11, 492, 'Tulungagung', '2022-01-10 05:18:31', '2022-01-10 05:18:31'),
(163, 12, 61, 'Bengkayang', '2022-01-10 05:18:32', '2022-01-10 05:18:32'),
(164, 12, 168, 'Kapuas Hulu', '2022-01-10 05:18:32', '2022-01-10 05:18:32'),
(165, 12, 176, 'Kayong Utara', '2022-01-10 05:18:32', '2022-01-10 05:18:32'),
(166, 12, 195, 'Ketapang', '2022-01-10 05:18:33', '2022-01-10 05:18:33'),
(167, 12, 208, 'Kubu Raya', '2022-01-10 05:18:33', '2022-01-10 05:18:33'),
(168, 12, 228, 'Landak', '2022-01-10 05:18:33', '2022-01-10 05:18:33'),
(169, 12, 279, 'Melawi', '2022-01-10 05:18:33', '2022-01-10 05:18:33'),
(170, 12, 364, 'Pontianak', '2022-01-10 05:18:33', '2022-01-10 05:18:33'),
(171, 12, 365, 'Pontianak', '2022-01-10 05:18:33', '2022-01-10 05:18:33'),
(172, 12, 388, 'Sambas', '2022-01-10 05:18:33', '2022-01-10 05:18:33'),
(173, 12, 391, 'Sanggau', '2022-01-10 05:18:33', '2022-01-10 05:18:33'),
(174, 12, 395, 'Sekadau', '2022-01-10 05:18:33', '2022-01-10 05:18:33'),
(175, 12, 415, 'Singkawang', '2022-01-10 05:18:33', '2022-01-10 05:18:33'),
(176, 12, 417, 'Sintang', '2022-01-10 05:18:33', '2022-01-10 05:18:33'),
(177, 13, 18, 'Balangan', '2022-01-10 05:18:34', '2022-01-10 05:18:34'),
(178, 13, 33, 'Banjar', '2022-01-10 05:18:34', '2022-01-10 05:18:34'),
(179, 13, 35, 'Banjarbaru', '2022-01-10 05:18:34', '2022-01-10 05:18:34'),
(180, 13, 36, 'Banjarmasin', '2022-01-10 05:18:34', '2022-01-10 05:18:34'),
(181, 13, 43, 'Barito Kuala', '2022-01-10 05:18:34', '2022-01-10 05:18:34'),
(182, 13, 143, 'Hulu Sungai Selatan', '2022-01-10 05:18:34', '2022-01-10 05:18:34'),
(183, 13, 144, 'Hulu Sungai Tengah', '2022-01-10 05:18:34', '2022-01-10 05:18:34'),
(184, 13, 145, 'Hulu Sungai Utara', '2022-01-10 05:18:34', '2022-01-10 05:18:34'),
(185, 13, 203, 'Kotabaru', '2022-01-10 05:18:34', '2022-01-10 05:18:34'),
(186, 13, 446, 'Tabalong', '2022-01-10 05:18:34', '2022-01-10 05:18:34'),
(187, 13, 452, 'Tanah Bumbu', '2022-01-10 05:18:34', '2022-01-10 05:18:34'),
(188, 13, 454, 'Tanah Laut', '2022-01-10 05:18:34', '2022-01-10 05:18:34'),
(189, 13, 466, 'Tapin', '2022-01-10 05:18:34', '2022-01-10 05:18:34'),
(190, 14, 44, 'Barito Selatan', '2022-01-10 05:18:35', '2022-01-10 05:18:35'),
(191, 14, 45, 'Barito Timur', '2022-01-10 05:18:35', '2022-01-10 05:18:35'),
(192, 14, 46, 'Barito Utara', '2022-01-10 05:18:35', '2022-01-10 05:18:35'),
(193, 14, 136, 'Gunung Mas', '2022-01-10 05:18:35', '2022-01-10 05:18:35'),
(194, 14, 167, 'Kapuas', '2022-01-10 05:18:35', '2022-01-10 05:18:35'),
(195, 14, 174, 'Katingan', '2022-01-10 05:18:35', '2022-01-10 05:18:35'),
(196, 14, 205, 'Kotawaringin Barat', '2022-01-10 05:18:35', '2022-01-10 05:18:35'),
(197, 14, 206, 'Kotawaringin Timur', '2022-01-10 05:18:35', '2022-01-10 05:18:35'),
(198, 14, 221, 'Lamandau', '2022-01-10 05:18:35', '2022-01-10 05:18:35'),
(199, 14, 296, 'Murung Raya', '2022-01-10 05:18:35', '2022-01-10 05:18:35'),
(200, 14, 326, 'Palangka Raya', '2022-01-10 05:18:35', '2022-01-10 05:18:35'),
(201, 14, 371, 'Pulang Pisau', '2022-01-10 05:18:35', '2022-01-10 05:18:35'),
(202, 14, 405, 'Seruyan', '2022-01-10 05:18:35', '2022-01-10 05:18:35'),
(203, 14, 432, 'Sukamara', '2022-01-10 05:18:35', '2022-01-10 05:18:35'),
(204, 15, 19, 'Balikpapan', '2022-01-10 05:18:37', '2022-01-10 05:18:37'),
(205, 15, 66, 'Berau', '2022-01-10 05:18:37', '2022-01-10 05:18:37'),
(206, 15, 89, 'Bontang', '2022-01-10 05:18:37', '2022-01-10 05:18:37'),
(207, 15, 214, 'Kutai Barat', '2022-01-10 05:18:37', '2022-01-10 05:18:37'),
(208, 15, 215, 'Kutai Kartanegara', '2022-01-10 05:18:37', '2022-01-10 05:18:37'),
(209, 15, 216, 'Kutai Timur', '2022-01-10 05:18:37', '2022-01-10 05:18:37'),
(210, 15, 341, 'Paser', '2022-01-10 05:18:37', '2022-01-10 05:18:37'),
(211, 15, 354, 'Penajam Paser Utara', '2022-01-10 05:18:37', '2022-01-10 05:18:37'),
(212, 15, 387, 'Samarinda', '2022-01-10 05:18:37', '2022-01-10 05:18:37'),
(213, 16, 96, 'Bulungan (Bulongan)', '2022-01-10 05:18:38', '2022-01-10 05:18:38'),
(214, 16, 257, 'Malinau', '2022-01-10 05:18:38', '2022-01-10 05:18:38'),
(215, 16, 311, 'Nunukan', '2022-01-10 05:18:38', '2022-01-10 05:18:38'),
(216, 16, 450, 'Tana Tidung', '2022-01-10 05:18:38', '2022-01-10 05:18:38'),
(217, 16, 467, 'Tarakan', '2022-01-10 05:18:38', '2022-01-10 05:18:38'),
(218, 17, 48, 'Batam', '2022-01-10 05:18:39', '2022-01-10 05:18:39'),
(219, 17, 71, 'Bintan', '2022-01-10 05:18:39', '2022-01-10 05:18:39'),
(220, 17, 172, 'Karimun', '2022-01-10 05:18:39', '2022-01-10 05:18:39'),
(221, 17, 184, 'Kepulauan Anambas', '2022-01-10 05:18:39', '2022-01-10 05:18:39'),
(222, 17, 237, 'Lingga', '2022-01-10 05:18:39', '2022-01-10 05:18:39'),
(223, 17, 302, 'Natuna', '2022-01-10 05:18:39', '2022-01-10 05:18:39'),
(224, 17, 462, 'Tanjung Pinang', '2022-01-10 05:18:39', '2022-01-10 05:18:39'),
(225, 18, 21, 'Bandar Lampung', '2022-01-10 05:18:40', '2022-01-10 05:18:40'),
(226, 18, 223, 'Lampung Barat', '2022-01-10 05:18:40', '2022-01-10 05:18:40'),
(227, 18, 224, 'Lampung Selatan', '2022-01-10 05:18:40', '2022-01-10 05:18:40'),
(228, 18, 225, 'Lampung Tengah', '2022-01-10 05:18:40', '2022-01-10 05:18:40'),
(229, 18, 226, 'Lampung Timur', '2022-01-10 05:18:40', '2022-01-10 05:18:40'),
(230, 18, 227, 'Lampung Utara', '2022-01-10 05:18:40', '2022-01-10 05:18:40'),
(231, 18, 282, 'Mesuji', '2022-01-10 05:18:40', '2022-01-10 05:18:40'),
(232, 18, 283, 'Metro', '2022-01-10 05:18:40', '2022-01-10 05:18:40'),
(233, 18, 355, 'Pesawaran', '2022-01-10 05:18:40', '2022-01-10 05:18:40'),
(234, 18, 356, 'Pesisir Barat', '2022-01-10 05:18:40', '2022-01-10 05:18:40'),
(235, 18, 368, 'Pringsewu', '2022-01-10 05:18:40', '2022-01-10 05:18:40'),
(236, 18, 458, 'Tanggamus', '2022-01-10 05:18:40', '2022-01-10 05:18:40'),
(237, 18, 490, 'Tulang Bawang', '2022-01-10 05:18:40', '2022-01-10 05:18:40'),
(238, 18, 491, 'Tulang Bawang Barat', '2022-01-10 05:18:40', '2022-01-10 05:18:40'),
(239, 18, 496, 'Way Kanan', '2022-01-10 05:18:40', '2022-01-10 05:18:40'),
(240, 19, 14, 'Ambon', '2022-01-10 05:18:42', '2022-01-10 05:18:42'),
(241, 19, 99, 'Buru', '2022-01-10 05:18:42', '2022-01-10 05:18:42'),
(242, 19, 100, 'Buru Selatan', '2022-01-10 05:18:42', '2022-01-10 05:18:42'),
(243, 19, 185, 'Kepulauan Aru', '2022-01-10 05:18:42', '2022-01-10 05:18:42'),
(244, 19, 258, 'Maluku Barat Daya', '2022-01-10 05:18:42', '2022-01-10 05:18:42'),
(245, 19, 259, 'Maluku Tengah', '2022-01-10 05:18:42', '2022-01-10 05:18:42'),
(246, 19, 260, 'Maluku Tenggara', '2022-01-10 05:18:42', '2022-01-10 05:18:42'),
(247, 19, 261, 'Maluku Tenggara Barat', '2022-01-10 05:18:42', '2022-01-10 05:18:42'),
(248, 19, 400, 'Seram Bagian Barat', '2022-01-10 05:18:42', '2022-01-10 05:18:42'),
(249, 19, 401, 'Seram Bagian Timur', '2022-01-10 05:18:42', '2022-01-10 05:18:42'),
(250, 19, 488, 'Tual', '2022-01-10 05:18:42', '2022-01-10 05:18:42'),
(251, 20, 138, 'Halmahera Barat', '2022-01-10 05:18:43', '2022-01-10 05:18:43'),
(252, 20, 139, 'Halmahera Selatan', '2022-01-10 05:18:43', '2022-01-10 05:18:43'),
(253, 20, 140, 'Halmahera Tengah', '2022-01-10 05:18:43', '2022-01-10 05:18:43'),
(254, 20, 141, 'Halmahera Timur', '2022-01-10 05:18:43', '2022-01-10 05:18:43'),
(255, 20, 142, 'Halmahera Utara', '2022-01-10 05:18:43', '2022-01-10 05:18:43'),
(256, 20, 191, 'Kepulauan Sula', '2022-01-10 05:18:43', '2022-01-10 05:18:43'),
(257, 20, 372, 'Pulau Morotai', '2022-01-10 05:18:43', '2022-01-10 05:18:43'),
(258, 20, 477, 'Ternate', '2022-01-10 05:18:43', '2022-01-10 05:18:43'),
(259, 20, 478, 'Tidore Kepulauan', '2022-01-10 05:18:43', '2022-01-10 05:18:43'),
(260, 21, 1, 'Aceh Barat', '2022-01-10 05:18:44', '2022-01-10 05:18:44'),
(261, 21, 2, 'Aceh Barat Daya', '2022-01-10 05:18:44', '2022-01-10 05:18:44'),
(262, 21, 3, 'Aceh Besar', '2022-01-10 05:18:44', '2022-01-10 05:18:44'),
(263, 21, 4, 'Aceh Jaya', '2022-01-10 05:18:44', '2022-01-10 05:18:44'),
(264, 21, 5, 'Aceh Selatan', '2022-01-10 05:18:44', '2022-01-10 05:18:44'),
(265, 21, 6, 'Aceh Singkil', '2022-01-10 05:18:44', '2022-01-10 05:18:44'),
(266, 21, 7, 'Aceh Tamiang', '2022-01-10 05:18:44', '2022-01-10 05:18:44'),
(267, 21, 8, 'Aceh Tengah', '2022-01-10 05:18:44', '2022-01-10 05:18:44'),
(268, 21, 9, 'Aceh Tenggara', '2022-01-10 05:18:44', '2022-01-10 05:18:44'),
(269, 21, 10, 'Aceh Timur', '2022-01-10 05:18:44', '2022-01-10 05:18:44'),
(270, 21, 11, 'Aceh Utara', '2022-01-10 05:18:44', '2022-01-10 05:18:44'),
(271, 21, 20, 'Banda Aceh', '2022-01-10 05:18:44', '2022-01-10 05:18:44'),
(272, 21, 59, 'Bener Meriah', '2022-01-10 05:18:44', '2022-01-10 05:18:44'),
(273, 21, 72, 'Bireuen', '2022-01-10 05:18:44', '2022-01-10 05:18:44'),
(274, 21, 127, 'Gayo Lues', '2022-01-10 05:18:44', '2022-01-10 05:18:44'),
(275, 21, 230, 'Langsa', '2022-01-10 05:18:44', '2022-01-10 05:18:44'),
(276, 21, 235, 'Lhokseumawe', '2022-01-10 05:18:44', '2022-01-10 05:18:44'),
(277, 21, 300, 'Nagan Raya', '2022-01-10 05:18:44', '2022-01-10 05:18:44'),
(278, 21, 358, 'Pidie', '2022-01-10 05:18:44', '2022-01-10 05:18:44'),
(279, 21, 359, 'Pidie Jaya', '2022-01-10 05:18:44', '2022-01-10 05:18:44'),
(280, 21, 384, 'Sabang', '2022-01-10 05:18:44', '2022-01-10 05:18:44'),
(281, 21, 414, 'Simeulue', '2022-01-10 05:18:44', '2022-01-10 05:18:44'),
(282, 21, 429, 'Subulussalam', '2022-01-10 05:18:44', '2022-01-10 05:18:44'),
(283, 22, 68, 'Bima', '2022-01-10 05:18:46', '2022-01-10 05:18:46'),
(284, 22, 69, 'Bima', '2022-01-10 05:18:46', '2022-01-10 05:18:46'),
(285, 22, 118, 'Dompu', '2022-01-10 05:18:46', '2022-01-10 05:18:46'),
(286, 22, 238, 'Lombok Barat', '2022-01-10 05:18:46', '2022-01-10 05:18:46'),
(287, 22, 239, 'Lombok Tengah', '2022-01-10 05:18:46', '2022-01-10 05:18:46'),
(288, 22, 240, 'Lombok Timur', '2022-01-10 05:18:46', '2022-01-10 05:18:46'),
(289, 22, 241, 'Lombok Utara', '2022-01-10 05:18:46', '2022-01-10 05:18:46'),
(290, 22, 276, 'Mataram', '2022-01-10 05:18:46', '2022-01-10 05:18:46'),
(291, 22, 438, 'Sumbawa', '2022-01-10 05:18:46', '2022-01-10 05:18:46'),
(292, 22, 439, 'Sumbawa Barat', '2022-01-10 05:18:46', '2022-01-10 05:18:46'),
(293, 23, 13, 'Alor', '2022-01-10 05:18:47', '2022-01-10 05:18:47'),
(294, 23, 58, 'Belu', '2022-01-10 05:18:47', '2022-01-10 05:18:47'),
(295, 23, 122, 'Ende', '2022-01-10 05:18:47', '2022-01-10 05:18:47'),
(296, 23, 125, 'Flores Timur', '2022-01-10 05:18:47', '2022-01-10 05:18:47'),
(297, 23, 212, 'Kupang', '2022-01-10 05:18:47', '2022-01-10 05:18:47'),
(298, 23, 213, 'Kupang', '2022-01-10 05:18:47', '2022-01-10 05:18:47'),
(299, 23, 234, 'Lembata', '2022-01-10 05:18:47', '2022-01-10 05:18:47'),
(300, 23, 269, 'Manggarai', '2022-01-10 05:18:47', '2022-01-10 05:18:47'),
(301, 23, 270, 'Manggarai Barat', '2022-01-10 05:18:47', '2022-01-10 05:18:47'),
(302, 23, 271, 'Manggarai Timur', '2022-01-10 05:18:47', '2022-01-10 05:18:47'),
(303, 23, 301, 'Nagekeo', '2022-01-10 05:18:47', '2022-01-10 05:18:47'),
(304, 23, 304, 'Ngada', '2022-01-10 05:18:47', '2022-01-10 05:18:47'),
(305, 23, 383, 'Rote Ndao', '2022-01-10 05:18:47', '2022-01-10 05:18:47'),
(306, 23, 385, 'Sabu Raijua', '2022-01-10 05:18:47', '2022-01-10 05:18:47'),
(307, 23, 412, 'Sikka', '2022-01-10 05:18:47', '2022-01-10 05:18:47'),
(308, 23, 434, 'Sumba Barat', '2022-01-10 05:18:47', '2022-01-10 05:18:47'),
(309, 23, 435, 'Sumba Barat Daya', '2022-01-10 05:18:47', '2022-01-10 05:18:47'),
(310, 23, 436, 'Sumba Tengah', '2022-01-10 05:18:47', '2022-01-10 05:18:47'),
(311, 23, 437, 'Sumba Timur', '2022-01-10 05:18:47', '2022-01-10 05:18:47'),
(312, 23, 479, 'Timor Tengah Selatan', '2022-01-10 05:18:47', '2022-01-10 05:18:47'),
(313, 23, 480, 'Timor Tengah Utara', '2022-01-10 05:18:47', '2022-01-10 05:18:47'),
(314, 24, 16, 'Asmat', '2022-01-10 05:18:49', '2022-01-10 05:18:49'),
(315, 24, 67, 'Biak Numfor', '2022-01-10 05:18:49', '2022-01-10 05:18:49'),
(316, 24, 90, 'Boven Digoel', '2022-01-10 05:18:49', '2022-01-10 05:18:49'),
(317, 24, 111, 'Deiyai (Deliyai)', '2022-01-10 05:18:49', '2022-01-10 05:18:49'),
(318, 24, 117, 'Dogiyai', '2022-01-10 05:18:49', '2022-01-10 05:18:49'),
(319, 24, 150, 'Intan Jaya', '2022-01-10 05:18:49', '2022-01-10 05:18:49'),
(320, 24, 157, 'Jayapura', '2022-01-10 05:18:49', '2022-01-10 05:18:49'),
(321, 24, 158, 'Jayapura', '2022-01-10 05:18:49', '2022-01-10 05:18:49'),
(322, 24, 159, 'Jayawijaya', '2022-01-10 05:18:49', '2022-01-10 05:18:49'),
(323, 24, 180, 'Keerom', '2022-01-10 05:18:49', '2022-01-10 05:18:49'),
(324, 24, 193, 'Kepulauan Yapen (Yapen Waropen)', '2022-01-10 05:18:49', '2022-01-10 05:18:49'),
(325, 24, 231, 'Lanny Jaya', '2022-01-10 05:18:49', '2022-01-10 05:18:49'),
(326, 24, 263, 'Mamberamo Raya', '2022-01-10 05:18:49', '2022-01-10 05:18:49'),
(327, 24, 264, 'Mamberamo Tengah', '2022-01-10 05:18:49', '2022-01-10 05:18:49'),
(328, 24, 274, 'Mappi', '2022-01-10 05:18:49', '2022-01-10 05:18:49'),
(329, 24, 281, 'Merauke', '2022-01-10 05:18:49', '2022-01-10 05:18:49'),
(330, 24, 284, 'Mimika', '2022-01-10 05:18:49', '2022-01-10 05:18:49'),
(331, 24, 299, 'Nabire', '2022-01-10 05:18:49', '2022-01-10 05:18:49'),
(332, 24, 303, 'Nduga', '2022-01-10 05:18:49', '2022-01-10 05:18:49'),
(333, 24, 335, 'Paniai', '2022-01-10 05:18:49', '2022-01-10 05:18:49'),
(334, 24, 347, 'Pegunungan Bintang', '2022-01-10 05:18:49', '2022-01-10 05:18:49'),
(335, 24, 373, 'Puncak', '2022-01-10 05:18:49', '2022-01-10 05:18:49'),
(336, 24, 374, 'Puncak Jaya', '2022-01-10 05:18:49', '2022-01-10 05:18:49'),
(337, 24, 392, 'Sarmi', '2022-01-10 05:18:49', '2022-01-10 05:18:49'),
(338, 24, 443, 'Supiori', '2022-01-10 05:18:49', '2022-01-10 05:18:49'),
(339, 24, 484, 'Tolikara', '2022-01-10 05:18:49', '2022-01-10 05:18:49'),
(340, 24, 495, 'Waropen', '2022-01-10 05:18:49', '2022-01-10 05:18:49'),
(341, 24, 499, 'Yahukimo', '2022-01-10 05:18:49', '2022-01-10 05:18:49'),
(342, 24, 500, 'Yalimo', '2022-01-10 05:18:49', '2022-01-10 05:18:49'),
(343, 25, 124, 'Fakfak', '2022-01-10 05:18:50', '2022-01-10 05:18:50'),
(344, 25, 165, 'Kaimana', '2022-01-10 05:18:50', '2022-01-10 05:18:50'),
(345, 25, 272, 'Manokwari', '2022-01-10 05:18:50', '2022-01-10 05:18:50'),
(346, 25, 273, 'Manokwari Selatan', '2022-01-10 05:18:50', '2022-01-10 05:18:50'),
(347, 25, 277, 'Maybrat', '2022-01-10 05:18:50', '2022-01-10 05:18:50'),
(348, 25, 346, 'Pegunungan Arfak', '2022-01-10 05:18:50', '2022-01-10 05:18:50'),
(349, 25, 378, 'Raja Ampat', '2022-01-10 05:18:50', '2022-01-10 05:18:50'),
(350, 25, 424, 'Sorong', '2022-01-10 05:18:50', '2022-01-10 05:18:50'),
(351, 25, 425, 'Sorong', '2022-01-10 05:18:50', '2022-01-10 05:18:50'),
(352, 25, 426, 'Sorong Selatan', '2022-01-10 05:18:50', '2022-01-10 05:18:50'),
(353, 25, 449, 'Tambrauw', '2022-01-10 05:18:50', '2022-01-10 05:18:50'),
(354, 25, 474, 'Teluk Bintuni', '2022-01-10 05:18:50', '2022-01-10 05:18:50'),
(355, 25, 475, 'Teluk Wondama', '2022-01-10 05:18:50', '2022-01-10 05:18:50'),
(356, 26, 60, 'Bengkalis', '2022-01-10 05:18:51', '2022-01-10 05:18:51'),
(357, 26, 120, 'Dumai', '2022-01-10 05:18:51', '2022-01-10 05:18:51'),
(358, 26, 147, 'Indragiri Hilir', '2022-01-10 05:18:51', '2022-01-10 05:18:51'),
(359, 26, 148, 'Indragiri Hulu', '2022-01-10 05:18:51', '2022-01-10 05:18:51'),
(360, 26, 166, 'Kampar', '2022-01-10 05:18:51', '2022-01-10 05:18:51'),
(361, 26, 187, 'Kepulauan Meranti', '2022-01-10 05:18:51', '2022-01-10 05:18:51'),
(362, 26, 207, 'Kuantan Singingi', '2022-01-10 05:18:51', '2022-01-10 05:18:51'),
(363, 26, 350, 'Pekanbaru', '2022-01-10 05:18:51', '2022-01-10 05:18:51'),
(364, 26, 351, 'Pelalawan', '2022-01-10 05:18:51', '2022-01-10 05:18:51'),
(365, 26, 381, 'Rokan Hilir', '2022-01-10 05:18:51', '2022-01-10 05:18:51'),
(366, 26, 382, 'Rokan Hulu', '2022-01-10 05:18:51', '2022-01-10 05:18:51'),
(367, 26, 406, 'Siak', '2022-01-10 05:18:51', '2022-01-10 05:18:51'),
(368, 27, 253, 'Majene', '2022-01-10 05:18:53', '2022-01-10 05:18:53'),
(369, 27, 262, 'Mamasa', '2022-01-10 05:18:53', '2022-01-10 05:18:53'),
(370, 27, 265, 'Mamuju', '2022-01-10 05:18:53', '2022-01-10 05:18:53'),
(371, 27, 266, 'Mamuju Utara', '2022-01-10 05:18:53', '2022-01-10 05:18:53'),
(372, 27, 362, 'Polewali Mandar', '2022-01-10 05:18:53', '2022-01-10 05:18:53'),
(373, 28, 38, 'Bantaeng', '2022-01-10 05:18:54', '2022-01-10 05:18:54'),
(374, 28, 47, 'Barru', '2022-01-10 05:18:54', '2022-01-10 05:18:54'),
(375, 28, 87, 'Bone', '2022-01-10 05:18:54', '2022-01-10 05:18:54'),
(376, 28, 95, 'Bulukumba', '2022-01-10 05:18:54', '2022-01-10 05:18:54'),
(377, 28, 123, 'Enrekang', '2022-01-10 05:18:54', '2022-01-10 05:18:54'),
(378, 28, 132, 'Gowa', '2022-01-10 05:18:54', '2022-01-10 05:18:54'),
(379, 28, 162, 'Jeneponto', '2022-01-10 05:18:54', '2022-01-10 05:18:54'),
(380, 28, 244, 'Luwu', '2022-01-10 05:18:54', '2022-01-10 05:18:54'),
(381, 28, 245, 'Luwu Timur', '2022-01-10 05:18:54', '2022-01-10 05:18:54'),
(382, 28, 246, 'Luwu Utara', '2022-01-10 05:18:54', '2022-01-10 05:18:54'),
(383, 28, 254, 'Makassar', '2022-01-10 05:18:54', '2022-01-10 05:18:54'),
(384, 28, 275, 'Maros', '2022-01-10 05:18:54', '2022-01-10 05:18:54'),
(385, 28, 328, 'Palopo', '2022-01-10 05:18:54', '2022-01-10 05:18:54'),
(386, 28, 333, 'Pangkajene Kepulauan', '2022-01-10 05:18:54', '2022-01-10 05:18:54'),
(387, 28, 336, 'Parepare', '2022-01-10 05:18:54', '2022-01-10 05:18:54'),
(388, 28, 360, 'Pinrang', '2022-01-10 05:18:54', '2022-01-10 05:18:54'),
(389, 28, 396, 'Selayar (Kepulauan Selayar)', '2022-01-10 05:18:54', '2022-01-10 05:18:54'),
(390, 28, 408, 'Sidenreng Rappang/Rapang', '2022-01-10 05:18:54', '2022-01-10 05:18:54'),
(391, 28, 416, 'Sinjai', '2022-01-10 05:18:54', '2022-01-10 05:18:54'),
(392, 28, 423, 'Soppeng', '2022-01-10 05:18:54', '2022-01-10 05:18:54'),
(393, 28, 448, 'Takalar', '2022-01-10 05:18:54', '2022-01-10 05:18:54'),
(394, 28, 451, 'Tana Toraja', '2022-01-10 05:18:54', '2022-01-10 05:18:54'),
(395, 28, 486, 'Toraja Utara', '2022-01-10 05:18:54', '2022-01-10 05:18:54'),
(396, 28, 493, 'Wajo', '2022-01-10 05:18:54', '2022-01-10 05:18:54'),
(397, 29, 25, 'Banggai', '2022-01-10 05:18:55', '2022-01-10 05:18:55'),
(398, 29, 26, 'Banggai Kepulauan', '2022-01-10 05:18:55', '2022-01-10 05:18:55'),
(399, 29, 98, 'Buol', '2022-01-10 05:18:55', '2022-01-10 05:18:55'),
(400, 29, 119, 'Donggala', '2022-01-10 05:18:55', '2022-01-10 05:18:55'),
(401, 29, 291, 'Morowali', '2022-01-10 05:18:55', '2022-01-10 05:18:55'),
(402, 29, 329, 'Palu', '2022-01-10 05:18:55', '2022-01-10 05:18:55'),
(403, 29, 338, 'Parigi Moutong', '2022-01-10 05:18:55', '2022-01-10 05:18:55'),
(404, 29, 366, 'Poso', '2022-01-10 05:18:55', '2022-01-10 05:18:55'),
(405, 29, 410, 'Sigi', '2022-01-10 05:18:55', '2022-01-10 05:18:55'),
(406, 29, 482, 'Tojo Una-Una', '2022-01-10 05:18:55', '2022-01-10 05:18:55'),
(407, 29, 483, 'Toli-Toli', '2022-01-10 05:18:55', '2022-01-10 05:18:55'),
(408, 30, 53, 'Bau-Bau', '2022-01-10 05:18:57', '2022-01-10 05:18:57'),
(409, 30, 85, 'Bombana', '2022-01-10 05:18:57', '2022-01-10 05:18:57'),
(410, 30, 101, 'Buton', '2022-01-10 05:18:57', '2022-01-10 05:18:57'),
(411, 30, 102, 'Buton Utara', '2022-01-10 05:18:57', '2022-01-10 05:18:57'),
(412, 30, 182, 'Kendari', '2022-01-10 05:18:57', '2022-01-10 05:18:57'),
(413, 30, 198, 'Kolaka', '2022-01-10 05:18:57', '2022-01-10 05:18:57'),
(414, 30, 199, 'Kolaka Utara', '2022-01-10 05:18:57', '2022-01-10 05:18:57'),
(415, 30, 200, 'Konawe', '2022-01-10 05:18:57', '2022-01-10 05:18:57'),
(416, 30, 201, 'Konawe Selatan', '2022-01-10 05:18:57', '2022-01-10 05:18:57'),
(417, 30, 202, 'Konawe Utara', '2022-01-10 05:18:57', '2022-01-10 05:18:57'),
(418, 30, 295, 'Muna', '2022-01-10 05:18:57', '2022-01-10 05:18:57'),
(419, 30, 494, 'Wakatobi', '2022-01-10 05:18:57', '2022-01-10 05:18:57'),
(420, 31, 73, 'Bitung', '2022-01-10 05:18:58', '2022-01-10 05:18:58'),
(421, 31, 81, 'Bolaang Mongondow (Bolmong)', '2022-01-10 05:18:58', '2022-01-10 05:18:58'),
(422, 31, 82, 'Bolaang Mongondow Selatan', '2022-01-10 05:18:58', '2022-01-10 05:18:58'),
(423, 31, 83, 'Bolaang Mongondow Timur', '2022-01-10 05:18:58', '2022-01-10 05:18:58'),
(424, 31, 84, 'Bolaang Mongondow Utara', '2022-01-10 05:18:58', '2022-01-10 05:18:58'),
(425, 31, 188, 'Kepulauan Sangihe', '2022-01-10 05:18:58', '2022-01-10 05:18:58'),
(426, 31, 190, 'Kepulauan Siau Tagulandang Biaro (Sitaro)', '2022-01-10 05:18:58', '2022-01-10 05:18:58'),
(427, 31, 192, 'Kepulauan Talaud', '2022-01-10 05:18:58', '2022-01-10 05:18:58'),
(428, 31, 204, 'Kotamobagu', '2022-01-10 05:18:58', '2022-01-10 05:18:58'),
(429, 31, 267, 'Manado', '2022-01-10 05:18:58', '2022-01-10 05:18:58'),
(430, 31, 285, 'Minahasa', '2022-01-10 05:18:58', '2022-01-10 05:18:58'),
(431, 31, 286, 'Minahasa Selatan', '2022-01-10 05:18:58', '2022-01-10 05:18:58'),
(432, 31, 287, 'Minahasa Tenggara', '2022-01-10 05:18:58', '2022-01-10 05:18:58'),
(433, 31, 288, 'Minahasa Utara', '2022-01-10 05:18:58', '2022-01-10 05:18:58'),
(434, 31, 485, 'Tomohon', '2022-01-10 05:18:58', '2022-01-10 05:18:58'),
(435, 32, 12, 'Agam', '2022-01-10 05:18:59', '2022-01-10 05:18:59'),
(436, 32, 93, 'Bukittinggi', '2022-01-10 05:18:59', '2022-01-10 05:18:59'),
(437, 32, 116, 'Dharmasraya', '2022-01-10 05:18:59', '2022-01-10 05:18:59'),
(438, 32, 186, 'Kepulauan Mentawai', '2022-01-10 05:18:59', '2022-01-10 05:18:59'),
(439, 32, 236, 'Lima Puluh Koto/Kota', '2022-01-10 05:18:59', '2022-01-10 05:18:59'),
(440, 32, 318, 'Padang', '2022-01-10 05:18:59', '2022-01-10 05:18:59'),
(441, 32, 321, 'Padang Panjang', '2022-01-10 05:18:59', '2022-01-10 05:18:59'),
(442, 32, 322, 'Padang Pariaman', '2022-01-10 05:18:59', '2022-01-10 05:18:59'),
(443, 32, 337, 'Pariaman', '2022-01-10 05:18:59', '2022-01-10 05:18:59'),
(444, 32, 339, 'Pasaman', '2022-01-10 05:18:59', '2022-01-10 05:18:59'),
(445, 32, 340, 'Pasaman Barat', '2022-01-10 05:18:59', '2022-01-10 05:18:59'),
(446, 32, 345, 'Payakumbuh', '2022-01-10 05:18:59', '2022-01-10 05:18:59'),
(447, 32, 357, 'Pesisir Selatan', '2022-01-10 05:18:59', '2022-01-10 05:18:59'),
(448, 32, 394, 'Sawah Lunto', '2022-01-10 05:18:59', '2022-01-10 05:18:59'),
(449, 32, 411, 'Sijunjung (Sawah Lunto Sijunjung)', '2022-01-10 05:18:59', '2022-01-10 05:18:59'),
(450, 32, 420, 'Solok', '2022-01-10 05:18:59', '2022-01-10 05:18:59'),
(451, 32, 421, 'Solok', '2022-01-10 05:18:59', '2022-01-10 05:18:59'),
(452, 32, 422, 'Solok Selatan', '2022-01-10 05:18:59', '2022-01-10 05:18:59'),
(453, 32, 453, 'Tanah Datar', '2022-01-10 05:18:59', '2022-01-10 05:18:59'),
(454, 33, 40, 'Banyuasin', '2022-01-10 05:19:01', '2022-01-10 05:19:01'),
(455, 33, 121, 'Empat Lawang', '2022-01-10 05:19:01', '2022-01-10 05:19:01'),
(456, 33, 220, 'Lahat', '2022-01-10 05:19:01', '2022-01-10 05:19:01'),
(457, 33, 242, 'Lubuk Linggau', '2022-01-10 05:19:01', '2022-01-10 05:19:01'),
(458, 33, 292, 'Muara Enim', '2022-01-10 05:19:01', '2022-01-10 05:19:01'),
(459, 33, 297, 'Musi Banyuasin', '2022-01-10 05:19:01', '2022-01-10 05:19:01'),
(460, 33, 298, 'Musi Rawas', '2022-01-10 05:19:01', '2022-01-10 05:19:01'),
(461, 33, 312, 'Ogan Ilir', '2022-01-10 05:19:01', '2022-01-10 05:19:01'),
(462, 33, 313, 'Ogan Komering Ilir', '2022-01-10 05:19:01', '2022-01-10 05:19:01'),
(463, 33, 314, 'Ogan Komering Ulu', '2022-01-10 05:19:01', '2022-01-10 05:19:01'),
(464, 33, 315, 'Ogan Komering Ulu Selatan', '2022-01-10 05:19:01', '2022-01-10 05:19:01'),
(465, 33, 316, 'Ogan Komering Ulu Timur', '2022-01-10 05:19:01', '2022-01-10 05:19:01'),
(466, 33, 324, 'Pagar Alam', '2022-01-10 05:19:01', '2022-01-10 05:19:01'),
(467, 33, 327, 'Palembang', '2022-01-10 05:19:01', '2022-01-10 05:19:01'),
(468, 33, 367, 'Prabumulih', '2022-01-10 05:19:01', '2022-01-10 05:19:01'),
(469, 34, 15, 'Asahan', '2022-01-10 05:19:02', '2022-01-10 05:19:02'),
(470, 34, 52, 'Batu Bara', '2022-01-10 05:19:02', '2022-01-10 05:19:02'),
(471, 34, 70, 'Binjai', '2022-01-10 05:19:02', '2022-01-10 05:19:02'),
(472, 34, 110, 'Dairi', '2022-01-10 05:19:02', '2022-01-10 05:19:02'),
(473, 34, 112, 'Deli Serdang', '2022-01-10 05:19:02', '2022-01-10 05:19:02'),
(474, 34, 137, 'Gunungsitoli', '2022-01-10 05:19:02', '2022-01-10 05:19:02'),
(475, 34, 146, 'Humbang Hasundutan', '2022-01-10 05:19:02', '2022-01-10 05:19:02'),
(476, 34, 173, 'Karo', '2022-01-10 05:19:02', '2022-01-10 05:19:02'),
(477, 34, 217, 'Labuhan Batu', '2022-01-10 05:19:02', '2022-01-10 05:19:02'),
(478, 34, 218, 'Labuhan Batu Selatan', '2022-01-10 05:19:02', '2022-01-10 05:19:02'),
(479, 34, 219, 'Labuhan Batu Utara', '2022-01-10 05:19:02', '2022-01-10 05:19:02'),
(480, 34, 229, 'Langkat', '2022-01-10 05:19:02', '2022-01-10 05:19:02'),
(481, 34, 268, 'Mandailing Natal', '2022-01-10 05:19:02', '2022-01-10 05:19:02'),
(482, 34, 278, 'Medan', '2022-01-10 05:19:02', '2022-01-10 05:19:02'),
(483, 34, 307, 'Nias', '2022-01-10 05:19:02', '2022-01-10 05:19:02'),
(484, 34, 308, 'Nias Barat', '2022-01-10 05:19:02', '2022-01-10 05:19:02'),
(485, 34, 309, 'Nias Selatan', '2022-01-10 05:19:02', '2022-01-10 05:19:02'),
(486, 34, 310, 'Nias Utara', '2022-01-10 05:19:02', '2022-01-10 05:19:02'),
(487, 34, 319, 'Padang Lawas', '2022-01-10 05:19:02', '2022-01-10 05:19:02'),
(488, 34, 320, 'Padang Lawas Utara', '2022-01-10 05:19:02', '2022-01-10 05:19:02'),
(489, 34, 323, 'Padang Sidempuan', '2022-01-10 05:19:02', '2022-01-10 05:19:02'),
(490, 34, 325, 'Pakpak Bharat', '2022-01-10 05:19:02', '2022-01-10 05:19:02'),
(491, 34, 353, 'Pematang Siantar', '2022-01-10 05:19:02', '2022-01-10 05:19:02'),
(492, 34, 389, 'Samosir', '2022-01-10 05:19:02', '2022-01-10 05:19:02'),
(493, 34, 404, 'Serdang Bedagai', '2022-01-10 05:19:02', '2022-01-10 05:19:02'),
(494, 34, 407, 'Sibolga', '2022-01-10 05:19:02', '2022-01-10 05:19:02'),
(495, 34, 413, 'Simalungun', '2022-01-10 05:19:02', '2022-01-10 05:19:02'),
(496, 34, 459, 'Tanjung Balai', '2022-01-10 05:19:02', '2022-01-10 05:19:02'),
(497, 34, 463, 'Tapanuli Selatan', '2022-01-10 05:19:02', '2022-01-10 05:19:02'),
(498, 34, 464, 'Tapanuli Tengah', '2022-01-10 05:19:02', '2022-01-10 05:19:02'),
(499, 34, 465, 'Tapanuli Utara', '2022-01-10 05:19:02', '2022-01-10 05:19:02'),
(500, 34, 470, 'Tebing Tinggi', '2022-01-10 05:19:02', '2022-01-10 05:19:02'),
(501, 34, 481, 'Toba Samosir', '2022-01-10 05:19:02', '2022-01-10 05:19:02');

-- --------------------------------------------------------

--
-- Table structure for table `failed_jobs`
--

CREATE TABLE `failed_jobs` (
  `id` bigint(20) UNSIGNED NOT NULL,
  `uuid` varchar(191) COLLATE utf8mb4_unicode_ci NOT NULL,
  `connection` text COLLATE utf8mb4_unicode_ci NOT NULL,
  `queue` text COLLATE utf8mb4_unicode_ci NOT NULL,
  `payload` longtext COLLATE utf8mb4_unicode_ci NOT NULL,
  `exception` longtext COLLATE utf8mb4_unicode_ci NOT NULL,
  `failed_at` timestamp NOT NULL DEFAULT CURRENT_TIMESTAMP
) ENGINE=InnoDB DEFAULT CHARSET=utf8mb4 COLLATE=utf8mb4_unicode_ci;

-- --------------------------------------------------------

--
-- Table structure for table `migrations`
--

CREATE TABLE `migrations` (
  `id` int(10) UNSIGNED NOT NULL,
  `migration` varchar(191) COLLATE utf8mb4_unicode_ci NOT NULL,
  `batch` int(11) NOT NULL
) ENGINE=InnoDB DEFAULT CHARSET=utf8mb4 COLLATE=utf8mb4_unicode_ci;

--
-- Dumping data for table `migrations`
--

INSERT INTO `migrations` (`id`, `migration`, `batch`) VALUES
(1, '2014_10_12_000000_create_users_table', 1),
(2, '2014_10_12_100000_create_password_resets_table', 1),
(3, '2019_08_19_000000_create_failed_jobs_table', 1),
(4, '2019_12_14_000001_create_personal_access_tokens_table', 1),
(5, '2022_01_04_172618_create_categories_table', 2),
(6, '2022_01_05_102014_create_products_table', 3),
(7, '2022_01_09_034927_create_carts_table', 4),
(8, '2022_01_10_121034_create_provinces_table', 5),
(9, '2022_01_10_121047_create_cities_table', 5),
(10, '2022_01_12_193001_create_orders_table', 6),
(11, '2022_01_12_193931_create_order_items_table', 6),
(12, '2022_04_23_212955_create_wishlists_table', 7);

-- --------------------------------------------------------

--
-- Table structure for table `orders`
--

CREATE TABLE `orders` (
  `id` varchar(191) COLLATE utf8mb4_unicode_ci NOT NULL,
  `user_id` varchar(191) COLLATE utf8mb4_unicode_ci NOT NULL,
  `fname` varchar(191) COLLATE utf8mb4_unicode_ci NOT NULL,
  `lname` varchar(191) COLLATE utf8mb4_unicode_ci NOT NULL,
  `email` varchar(191) COLLATE utf8mb4_unicode_ci NOT NULL,
  `nohp` varchar(191) COLLATE utf8mb4_unicode_ci NOT NULL,
  `address` varchar(191) COLLATE utf8mb4_unicode_ci NOT NULL,
  `city` varchar(191) COLLATE utf8mb4_unicode_ci NOT NULL,
  `province` varchar(191) COLLATE utf8mb4_unicode_ci NOT NULL,
  `postal_code` varchar(191) COLLATE utf8mb4_unicode_ci NOT NULL,
  `courier` varchar(191) COLLATE utf8mb4_unicode_ci NOT NULL,
  `ongkir` int(191) NOT NULL,
  `noresi` varchar(191) COLLATE utf8mb4_unicode_ci NOT NULL DEFAULT '0',
  `total_price` varchar(191) COLLATE utf8mb4_unicode_ci NOT NULL,
  `status` tinyint(4) NOT NULL DEFAULT '0',
  `snaptoken` varchar(191) COLLATE utf8mb4_unicode_ci DEFAULT NULL,
  `midtrans_status` varchar(191) COLLATE utf8mb4_unicode_ci DEFAULT NULL,
  `payment_type` varchar(191) COLLATE utf8mb4_unicode_ci DEFAULT NULL,
  `payment_code` varchar(191) COLLATE utf8mb4_unicode_ci DEFAULT NULL,
  `pdf_url` varchar(191) COLLATE utf8mb4_unicode_ci DEFAULT NULL,
  `created_at` timestamp NULL DEFAULT NULL,
  `updated_at` timestamp NULL DEFAULT NULL
) ENGINE=InnoDB DEFAULT CHARSET=utf8mb4 COLLATE=utf8mb4_unicode_ci;

--
-- Dumping data for table `orders`
--

INSERT INTO `orders` (`id`, `user_id`, `fname`, `lname`, `email`, `nohp`, `address`, `city`, `province`, `postal_code`, `courier`, `ongkir`, `noresi`, `total_price`, `status`, `snaptoken`, `midtrans_status`, `payment_type`, `payment_code`, `pdf_url`, `created_at`, `updated_at`) VALUES
('INV2204221138', '1', 'Muhamad Maulana', 'Zuhad Aditya', 'user@domain.com', '+6281336065044', 'Jl Mangga 31Murukan Mojoagung', '27', '2', '61482', 'JNE : OKE', 54000, 'JP4734827849', '88000', 4, '61ce8362-4ed4-4136-9fcc-6a8c7be38f61', 'settlement', 'cstore', '551336065044', 'https://app.sandbox.midtrans.com/snap/v1/transactions/61ce8362-4ed4-4136-9fcc-6a8c7be38f61/pdf', '2022-04-21 18:24:38', '2022-04-22 18:50:44'),
('INV2204233194', '1', 'Muhamad Maulana', 'Zuhad Aditya', 'user@domain.com', '+6281336065044', 'Jl Mangga 31Murukan Mojoagung', '331', '3', '61482', 'JNE : OKE', 24000, '0', '147000', 5, 'a235176d-d543-4392-a53c-1d3e32ac1899', 'expire', 'gopay', NULL, NULL, '2022-04-22 18:13:29', '2022-04-22 18:51:17'),
('INV2204294186', '1', 'Muhamad Maulana', 'Zuhad Aditya', 'user@domain.com', '+6281336065044', 'Jl Mangga 31 Murukan Mojoagung', '152', '6', '61482', 'JNE : OKE', 15000, 'ID218753172123', '200600', 3, '4ddab5dd-65f7-4f17-8226-e5ae416e7ac7', 'settlement', 'bank_transfer', NULL, 'https://app.sandbox.midtrans.com/snap/v1/transactions/4ddab5dd-65f7-4f17-8226-e5ae416e7ac7/pdf', '2022-04-28 18:19:10', '2022-05-08 02:22:21'),
('INV2205035157', '1', 'Muhamad Maulana', 'Zuhad Aditya', 'user@domain.com', '+6281336065044', 'Jl Mangga 31 Murukan Mojoagung', '152', '6', '61482', 'JNE : OKE', 15000, '0', '48500', 1, '6646cd56-8d9e-4ea5-beea-a136fd7558e8', 'pending', 'bank_transfer', NULL, 'https://app.sandbox.midtrans.com/snap/v1/transactions/6646cd56-8d9e-4ea5-beea-a136fd7558e8/pdf', '2022-05-02 18:30:02', '2022-05-22 18:09:12'),
('INV2205066156', '1', 'Muhamad Maulana', 'Zuhad Aditya', 'user@domain.com', '+6281336065044', 'Jl Mangga 31 Murukan Mojoagung', '232', '3', '61482', 'JNE : OKE', 48000, '0', '204500', 2, 'fc3aad69-bb80-48fe-b506-017e758ade8f', 'settlement', 'bank_transfer', NULL, 'https://app.sandbox.midtrans.com/snap/v1/transactions/fc3aad69-bb80-48fe-b506-017e758ade8f/pdf', '2022-05-06 15:09:51', '2022-05-19 08:34:05'),
('INV2205197172', '1', 'Muhamad Maulana', 'Zuhad Aditya', 'user@domain.com', '+6281336065044', 'Jl Mangga 31 Murukan Mojoagung', '39', '5', '61482', 'JNE : OKE', 30000, '0', '88500', 1, '3f2c4b4e-4639-4792-8967-30836ac95c0a', 'pending', 'gopay', NULL, NULL, '2022-05-19 08:26:41', '2022-05-19 08:30:50'),
('INV22052310327', '3', 'User Test', 'User', 'usertest@domain.com', '+6285541254233', 'Jl Mangga 31 Murukan Mojoagung', '135', '5', '41241', 'JNE : OKE', 20000, '0', '45000', 1, '9ec9b8b7-48eb-43c5-b70c-bc18ae03b7b4', 'pending', 'Transfer Bank BCA', '39126980876', 'https://app.sandbox.midtrans.com/snap/v1/transactions/9ec9b8b7-48eb-43c5-b70c-bc18ae03b7b4/pdf', '2022-05-23 08:50:15', '2022-05-23 08:50:46'),
('INV22052310355', '3', 'User Test', 'User', 'usertest@domain.com', '+6285541254233', 'Jl Mangga 31 Murukan Mojoagung', '106', '3', '41241', 'JNE : OKE', 20000, '0', '54000', 1, 'e5be5c5c-4d20-4bdc-954b-0077cad047d2', 'pending', 'bank_transfer', '39126538045', 'https://app.sandbox.midtrans.com/snap/v1/transactions/e5be5c5c-4d20-4bdc-954b-0077cad047d2/pdf', '2022-05-23 08:36:56', '2022-05-23 08:45:11'),
('INV2205238196', '1', 'Muhamad Maulana', 'Zuhad Aditya', 'user@domain.com', '+6281336065044', 'Jl Mangga 31 Murukan Mojoagung', '232', '3', '61482', 'JNE : OKE', 24000, '0', '57500', 2, 'df554356-345a-450d-a637-8879c5056f03', 'settlement', 'bank_transfer', NULL, 'https://app.sandbox.midtrans.com/snap/v1/transactions/df554356-345a-450d-a637-8879c5056f03/pdf', '2022-05-22 18:15:34', '2022-05-22 18:22:52'),
('INV2205239180', '1', 'Muhamad Maulana', 'Zuhad Aditya', 'user@domain.com', '+6281336065044', 'Jl Mangga 31 Murukan Mojoagung', '27', '2', '61482', 'JNE : OKE', 54000, '0', '239600', 2, 'f8f3decd-eb84-4e31-b5f2-6e82ca104e2e', 'settlement', 'bank_transfer', NULL, 'https://app.sandbox.midtrans.com/snap/v1/transactions/f8f3decd-eb84-4e31-b5f2-6e82ca104e2e/pdf', '2022-05-22 18:23:38', '2022-05-26 15:43:41'),
('INV22052610140', '1', 'Muhamad Maulana', 'Zuhad Aditya', 'user@domain.com', '+6281336065044', 'Jl Mangga 31 Murukan Mojoagung', '27', '2', '61482', 'JNE : OKE', 54000, '0', '239600', 1, NULL, NULL, NULL, NULL, NULL, '2022-05-25 19:38:36', '2022-06-21 10:53:37'),
('INV2206212199', '1', 'Muhamad Maulana', 'Zuhad Aditya', 'user@domain.com', '+6281336065044', 'Jl Mangga 31 Murukan Mojoagung', '152', '6', '61482', 'POS : Paket Kilat Khusus', 16150, '0', '201750', 1, 'a2cb2ad7-e3b5-4f8f-9c0b-56eb4c0c53eb', NULL, NULL, NULL, NULL, '2022-06-21 10:53:14', '2022-06-21 10:53:47');

-- --------------------------------------------------------

--
-- Table structure for table `order_items`
--

CREATE TABLE `order_items` (
  `id` bigint(20) UNSIGNED NOT NULL,
  `order_id` varchar(191) COLLATE utf8mb4_unicode_ci NOT NULL,
  `prod_id` varchar(191) COLLATE utf8mb4_unicode_ci NOT NULL,
  `prod_size` varchar(191) COLLATE utf8mb4_unicode_ci NOT NULL,
  `qty` varchar(191) COLLATE utf8mb4_unicode_ci NOT NULL,
  `price` varchar(191) COLLATE utf8mb4_unicode_ci NOT NULL,
  `message` varchar(191) COLLATE utf8mb4_unicode_ci DEFAULT NULL,
  `created_at` timestamp NULL DEFAULT NULL,
  `updated_at` timestamp NULL DEFAULT NULL
) ENGINE=InnoDB DEFAULT CHARSET=utf8mb4 COLLATE=utf8mb4_unicode_ci;

--
-- Dumping data for table `order_items`
--

INSERT INTO `order_items` (`id`, `order_id`, `prod_id`, `prod_size`, `qty`, `price`, `message`, `created_at`, `updated_at`) VALUES
(1, '1', '11', '0', '1', '185600', NULL, '2022-01-12 17:52:20', '2022-01-12 17:52:20'),
(2, '1', '8', '0', '2', '34000', NULL, '2022-01-12 17:52:20', '2022-01-12 17:52:20'),
(3, '2', '8', '0', '2', '34000', NULL, '2022-01-13 08:31:46', '2022-01-13 08:31:46'),
(5, '4', '9', '0', '1', '123000', NULL, '2022-01-13 08:46:08', '2022-01-13 08:46:08'),
(6, 'INV-000002', '1', '43', '1', '25000', NULL, '2022-04-16 19:43:59', '2022-04-16 19:43:59'),
(7, 'INV202204171', '11', '42', '1', '185600', NULL, '2022-04-16 20:10:42', '2022-04-16 20:10:42'),
(8, '12', '1', '42', '1', '25000', NULL, '2022-04-18 19:44:47', '2022-04-18 19:44:47'),
(9, 'INV220419007', '8', '42', '1', '34000', NULL, '2022-04-18 21:49:44', '2022-04-18 21:49:44'),
(10, 'INV220419007', '10', '41', '1', '33500', NULL, '2022-04-18 21:49:44', '2022-04-18 21:49:44'),
(11, 'INV220419001', '11', '42', '1', '185600', NULL, '2022-04-18 21:56:33', '2022-04-18 21:56:33'),
(12, 'INV2204191156', '8', '41', '1', '34000', NULL, '2022-04-18 22:04:26', '2022-04-18 22:04:26'),
(13, 'INV/220419/6169', '1', '41', '1', '25000', NULL, '2022-04-18 22:06:04', '2022-04-18 22:06:04'),
(14, 'INV2204222163', '10', '41', '1', '33500', NULL, '2022-04-21 18:02:04', '2022-04-21 18:02:04'),
(15, 'INV2204223153', '1', '41', '1', '25000', NULL, '2022-04-21 18:08:16', '2022-04-21 18:08:16'),
(16, 'INV2204224111', '13', '41', '1', '12312', NULL, '2022-04-21 18:09:55', '2022-04-21 18:09:55'),
(17, 'INV2204225146', '1', '41', '1', '25000', NULL, '2022-04-21 18:16:37', '2022-04-21 18:16:37'),
(18, 'INV2204226123', '11', '41', '1', '185600', NULL, '2022-04-21 18:22:07', '2022-04-21 18:22:07'),
(19, 'INV2204221138', '8', '41', '1', '34000', NULL, '2022-04-21 18:24:38', '2022-04-21 18:24:38'),
(20, 'INV2204222133', '8', '41', '1', '34000', NULL, '2022-04-21 18:30:34', '2022-04-21 18:30:34'),
(21, 'INV2204233194', '9', '41', '1', '123000', NULL, '2022-04-22 18:13:29', '2022-04-22 18:13:29'),
(25, 'INV2204246123', '11', '41', '1', '185600', 'Holaadaisd', '2022-04-24 16:29:00', '2022-04-24 16:29:00'),
(26, 'INV2204297190', '11', '41', '1', '185600', NULL, '2022-04-28 18:09:32', '2022-04-28 18:09:32'),
(30, 'INV2204294186', '11', '41', '1', '185600', NULL, '2022-04-28 18:19:10', '2022-04-28 18:19:10'),
(31, 'INV2205035157', '10', '41', '1', '33500', NULL, '2022-05-02 18:30:02', '2022-05-02 18:30:02'),
(32, 'INV2205066156', '10', '41', '1', '33500', NULL, '2022-05-06 15:09:51', '2022-05-06 15:09:51'),
(33, 'INV2205066156', '9', '41', '1', '123000', NULL, '2022-05-06 15:09:51', '2022-05-06 15:09:51'),
(34, 'INV2205197172', '1', '41', '1', '25000', 'asda', '2022-05-19 08:26:41', '2022-05-19 08:26:41'),
(35, 'INV2205197172', '10', '41', '1', '33500', NULL, '2022-05-19 08:26:41', '2022-05-19 08:26:41'),
(36, 'INV2205238196', '10', '41', '1', '33500', NULL, '2022-05-22 18:15:34', '2022-05-22 18:15:34'),
(37, 'INV2205239180', '11', '41', '1', '185600', NULL, '2022-05-22 18:23:38', '2022-05-22 18:23:38'),
(38, 'INV22052310355', '8', '41', '1', '34000', NULL, '2022-05-23 08:36:56', '2022-05-23 08:36:56'),
(39, 'INV22052310327', '1', '41', '1', '25000', NULL, '2022-05-23 08:50:15', '2022-05-23 08:50:15'),
(40, 'INV22052610140', '11', '41', '1', '185600', NULL, '2022-05-25 19:38:36', '2022-05-25 19:38:36'),
(41, 'INV2206212199', '11', '41', '1', '185600', NULL, '2022-06-21 10:53:14', '2022-06-21 10:53:14');

-- --------------------------------------------------------

--
-- Table structure for table `password_resets`
--

CREATE TABLE `password_resets` (
  `email` varchar(191) COLLATE utf8mb4_unicode_ci NOT NULL,
  `token` varchar(191) COLLATE utf8mb4_unicode_ci NOT NULL,
  `created_at` timestamp NULL DEFAULT NULL
) ENGINE=InnoDB DEFAULT CHARSET=utf8mb4 COLLATE=utf8mb4_unicode_ci;

-- --------------------------------------------------------

--
-- Table structure for table `personal_access_tokens`
--

CREATE TABLE `personal_access_tokens` (
  `id` bigint(20) UNSIGNED NOT NULL,
  `tokenable_type` varchar(191) COLLATE utf8mb4_unicode_ci NOT NULL,
  `tokenable_id` bigint(20) UNSIGNED NOT NULL,
  `name` varchar(191) COLLATE utf8mb4_unicode_ci NOT NULL,
  `token` varchar(64) COLLATE utf8mb4_unicode_ci NOT NULL,
  `abilities` text COLLATE utf8mb4_unicode_ci,
  `last_used_at` timestamp NULL DEFAULT NULL,
  `created_at` timestamp NULL DEFAULT NULL,
  `updated_at` timestamp NULL DEFAULT NULL
) ENGINE=InnoDB DEFAULT CHARSET=utf8mb4 COLLATE=utf8mb4_unicode_ci;

-- --------------------------------------------------------

--
-- Table structure for table `products`
--

CREATE TABLE `products` (
  `id` bigint(20) UNSIGNED NOT NULL,
  `cate_id` bigint(20) NOT NULL,
  `name` varchar(191) COLLATE utf8mb4_unicode_ci NOT NULL,
  `slug` varchar(191) COLLATE utf8mb4_unicode_ci NOT NULL,
  `description` longtext COLLATE utf8mb4_unicode_ci NOT NULL,
  `original_price` varchar(191) COLLATE utf8mb4_unicode_ci NOT NULL,
  `sell_price` varchar(191) COLLATE utf8mb4_unicode_ci NOT NULL,
  `stock` int(191) NOT NULL,
  `size` varchar(191) COLLATE utf8mb4_unicode_ci NOT NULL,
  `image` varchar(191) COLLATE utf8mb4_unicode_ci NOT NULL,
  `status` tinyint(4) NOT NULL,
  `trending` tinyint(4) NOT NULL,
  `created_at` timestamp NULL DEFAULT NULL,
  `updated_at` timestamp NULL DEFAULT NULL
) ENGINE=InnoDB DEFAULT CHARSET=utf8mb4 COLLATE=utf8mb4_unicode_ci;

--
-- Dumping data for table `products`
--

INSERT INTO `products` (`id`, `cate_id`, `name`, `slug`, `description`, `original_price`, `sell_price`, `stock`, `size`, `image`, `status`, `trending`, `created_at`, `updated_at`) VALUES
(1, 1, 'Sandal Slop Pria/Wanita Kokop', 'sandal-slop-priawanita-kokop', '<div>Sandal Slop yang cocok untuk pria maupun wanita</div>', '30000', '25000', 13, '39, 40, 41, 42, 43', '1641356244.jpg', 0, 1, '2022-01-05 04:17:24', '2022-05-23 08:50:15'),
(8, 4, 'Sandal Slop Populer', 'sandal-slop-populer', '<div>Sandal pria terbaik sepanjang masa</div>', '43000', '34000', 14, '39, 40, 41, 42', '1651168879.jpeg', 0, 1, '2022-01-07 21:40:46', '2022-05-23 08:36:56'),
(9, 4, 'Sandal Casual Import Pria Dewasa Sandal Selop Slip On Cowok Sandal Pria Arizona Eva Slop Karet Wanita Rantai Original Terbaru', 'sandal-casual-import-pria-dewasa-sandal-selop-slip-on-cowok-sandal-pria-arizona-eva-slop-karet-wanita-rantai-original-terbaru', '<div>DESKRIPSI SINGKAT TENTANG PRODUK :<br><br></div><ul><li>Sol sintetis</li><li>Fitur alas kaki diucapkan lengkungan penopang, piala tumit dalam, dan kotak kaki yang lapang. Alas kaki sesuai dengan bentuk kaki Anda.</li><li>Sol EVA yang fleksibel, ringan, tahan lama, dan tahan goncangan.</li><li>Details: waterproof, washable, ultra lightweight</li><li>Cocok untuk Jalan-jalan, Casual, Fashion</li><li>Enak Dipakai</li><li>Barang Import Best Quality</li></ul>', '130000', '123000', 7, '39, 40, 41, 42', '1649256332.jpeg', 0, 0, '2022-01-12 04:50:40', '2022-05-06 15:09:51'),
(10, 1, 'Sandal Karet Import Balance / TERBARU Sandal Selop Wanita Bahan Karet Jelly Import', 'sandal-karet-import-balance-terbaru-sandal-selop-wanita-bahan-karet-jelly-import', '<ul><li>Sandal Wanita TERBARU 2021</li><li>Model Sandal Selop</li><li>Fashion Dan Trendy</li><li>Material Bahan Full Karet Jelly Import Berkualitas</li><li>Merek ORIGINAL Balance 1603-56</li><li>Lentur,Empuk Nyaman Saat Di Gunakan [ Tidak Licin ]</li><li>Tebal / Tinggi Sandal 5cm</li><li>Tersedia PILIHAN 4 Warna</li><li>Dengan Ukuran Mulai Dari SIZE 36 s/d SIZE 40</li><li>SIZE 36 ;22,5 CM</li><li>SIZE 37 ; 23 CM</li></ul>', '55000', '33500', 20, '39, 40, 41, 42, 43', '1641968594.jpg', 0, 1, '2022-01-12 05:52:40', '2022-05-22 18:15:34'),
(11, 4, 'SANDAL PRIA TERBARU/SANDAL JEPIT JEMPOL KULIT IMPORT', 'sandal-pria-terbaru-sandal-jepit-jempol-kulit-import', '<div>SANDAL PRIA TERBARU/SANDAL JEPIT JEMPOL KULIT IMPORT</div><div><br></div>', '200000', '185600', 20, '39, 40, 41, 42, 43', '1641968496.jfif', 0, 1, '2022-01-12 06:21:36', '2022-06-21 10:53:14'),
(13, 1, 'demo-ecomshoes', 'demo-ecomshoes', '<div>ddasda</div>', '1231231', '12312', 122, '39, 40, 41, 42', '1641995468.jpeg', 1, 1, '2022-01-12 13:51:08', '2022-04-21 18:09:55');

-- --------------------------------------------------------

--
-- Table structure for table `provinces`
--

CREATE TABLE `provinces` (
  `id` bigint(20) UNSIGNED NOT NULL,
  `province_id` int(10) UNSIGNED NOT NULL,
  `name` varchar(191) COLLATE utf8mb4_unicode_ci NOT NULL,
  `created_at` timestamp NULL DEFAULT NULL,
  `updated_at` timestamp NULL DEFAULT NULL
) ENGINE=InnoDB DEFAULT CHARSET=utf8mb4 COLLATE=utf8mb4_unicode_ci;

--
-- Dumping data for table `provinces`
--

INSERT INTO `provinces` (`id`, `province_id`, `name`, `created_at`, `updated_at`) VALUES
(1, 1, 'Bali', '2022-01-10 05:18:17', '2022-01-10 05:18:17'),
(2, 2, 'Bangka Belitung', '2022-01-10 05:18:18', '2022-01-10 05:18:18'),
(3, 3, 'Banten', '2022-01-10 05:18:19', '2022-01-10 05:18:19'),
(4, 4, 'Bengkulu', '2022-01-10 05:18:21', '2022-01-10 05:18:21'),
(5, 5, 'DI Yogyakarta', '2022-01-10 05:18:22', '2022-01-10 05:18:22'),
(6, 6, 'DKI Jakarta', '2022-01-10 05:18:23', '2022-01-10 05:18:23'),
(7, 7, 'Gorontalo', '2022-01-10 05:18:24', '2022-01-10 05:18:24'),
(8, 8, 'Jambi', '2022-01-10 05:18:26', '2022-01-10 05:18:26'),
(9, 9, 'Jawa Barat', '2022-01-10 05:18:27', '2022-01-10 05:18:27'),
(10, 10, 'Jawa Tengah', '2022-01-10 05:18:28', '2022-01-10 05:18:28'),
(11, 11, 'Jawa Timur', '2022-01-10 05:18:30', '2022-01-10 05:18:30'),
(12, 12, 'Kalimantan Barat', '2022-01-10 05:18:31', '2022-01-10 05:18:31'),
(13, 13, 'Kalimantan Selatan', '2022-01-10 05:18:33', '2022-01-10 05:18:33'),
(14, 14, 'Kalimantan Tengah', '2022-01-10 05:18:34', '2022-01-10 05:18:34'),
(15, 15, 'Kalimantan Timur', '2022-01-10 05:18:35', '2022-01-10 05:18:35'),
(16, 16, 'Kalimantan Utara', '2022-01-10 05:18:37', '2022-01-10 05:18:37'),
(17, 17, 'Kepulauan Riau', '2022-01-10 05:18:38', '2022-01-10 05:18:38'),
(18, 18, 'Lampung', '2022-01-10 05:18:39', '2022-01-10 05:18:39'),
(19, 19, 'Maluku', '2022-01-10 05:18:40', '2022-01-10 05:18:40'),
(20, 20, 'Maluku Utara', '2022-01-10 05:18:42', '2022-01-10 05:18:42'),
(21, 21, 'Nanggroe Aceh Darussalam (NAD)', '2022-01-10 05:18:43', '2022-01-10 05:18:43'),
(22, 22, 'Nusa Tenggara Barat (NTB)', '2022-01-10 05:18:44', '2022-01-10 05:18:44'),
(23, 23, 'Nusa Tenggara Timur (NTT)', '2022-01-10 05:18:46', '2022-01-10 05:18:46'),
(24, 24, 'Papua', '2022-01-10 05:18:47', '2022-01-10 05:18:47'),
(25, 25, 'Papua Barat', '2022-01-10 05:18:49', '2022-01-10 05:18:49'),
(26, 26, 'Riau', '2022-01-10 05:18:50', '2022-01-10 05:18:50'),
(27, 27, 'Sulawesi Barat', '2022-01-10 05:18:51', '2022-01-10 05:18:51'),
(28, 28, 'Sulawesi Selatan', '2022-01-10 05:18:53', '2022-01-10 05:18:53'),
(29, 29, 'Sulawesi Tengah', '2022-01-10 05:18:54', '2022-01-10 05:18:54'),
(30, 30, 'Sulawesi Tenggara', '2022-01-10 05:18:55', '2022-01-10 05:18:55'),
(31, 31, 'Sulawesi Utara', '2022-01-10 05:18:57', '2022-01-10 05:18:57'),
(32, 32, 'Sumatera Barat', '2022-01-10 05:18:58', '2022-01-10 05:18:58'),
(33, 33, 'Sumatera Selatan', '2022-01-10 05:18:59', '2022-01-10 05:18:59'),
(34, 34, 'Sumatera Utara', '2022-01-10 05:19:01', '2022-01-10 05:19:01');

-- --------------------------------------------------------

--
-- Table structure for table `users`
--

CREATE TABLE `users` (
  `id` bigint(20) UNSIGNED NOT NULL,
  `name` varchar(191) COLLATE utf8mb4_unicode_ci NOT NULL,
  `email` varchar(191) COLLATE utf8mb4_unicode_ci NOT NULL,
  `email_verified_at` timestamp NULL DEFAULT NULL,
  `password` varchar(191) COLLATE utf8mb4_unicode_ci NOT NULL,
  `role_as` tinyint(4) NOT NULL DEFAULT '0',
  `lname` varchar(191) COLLATE utf8mb4_unicode_ci DEFAULT NULL,
  `nohp` varchar(191) COLLATE utf8mb4_unicode_ci DEFAULT NULL,
  `alamat` varchar(191) COLLATE utf8mb4_unicode_ci DEFAULT NULL,
  `kota` varchar(191) COLLATE utf8mb4_unicode_ci DEFAULT NULL,
  `provinsi` varchar(191) COLLATE utf8mb4_unicode_ci DEFAULT NULL,
  `kodepos` varchar(191) COLLATE utf8mb4_unicode_ci DEFAULT NULL,
  `remember_token` varchar(100) COLLATE utf8mb4_unicode_ci DEFAULT NULL,
  `created_at` timestamp NULL DEFAULT NULL,
  `updated_at` timestamp NULL DEFAULT NULL
) ENGINE=InnoDB DEFAULT CHARSET=utf8mb4 COLLATE=utf8mb4_unicode_ci;

--
-- Dumping data for table `users`
--

INSERT INTO `users` (`id`, `name`, `email`, `email_verified_at`, `password`, `role_as`, `lname`, `nohp`, `alamat`, `kota`, `provinsi`, `kodepos`, `remember_token`, `created_at`, `updated_at`) VALUES
(1, 'Muhamad Maulana', 'user@domain.com', NULL, '$2y$10$wMQ8ZZK8/KGMVbLZezdO6OUBQOjS1q8Oj1uA5dTcDPAzP/JWX5W7C', 0, 'Zuhad Aditya', '+6281336065044', 'Jl Mangga 31 Murukan Mojoagung', '164', '11', '61482', NULL, '2022-01-02 17:39:27', '2022-04-28 20:08:15'),
(2, 'admin', 'admin@admin.com', NULL, '$2y$10$oBtlXFqwCYQwEno/bx51eevt9kkJKnQAmEn3cC1cislu.k3Ax54mW', 1, '', '', '', '', '', '', NULL, '2022-01-02 17:51:16', '2022-01-02 17:51:16'),
(3, 'User Test', 'usertest@domain.com', NULL, '$2y$10$YsogR8XNq0zu8eoM6WGB0OZ0LVv5JiMEanzCP6J0eTpL2.eSOw3u2', 0, 'User', '085541254233', 'Jl Mangga 31 Murukan Mojoagung', '106', '3', '41241', NULL, '2022-04-26 19:00:32', '2022-05-23 08:36:56');

-- --------------------------------------------------------

--
-- Table structure for table `wishlists`
--

CREATE TABLE `wishlists` (
  `id` bigint(20) UNSIGNED NOT NULL,
  `user_id` varchar(191) COLLATE utf8mb4_unicode_ci NOT NULL,
  `prod_id` varchar(191) COLLATE utf8mb4_unicode_ci NOT NULL,
  `created_at` timestamp NULL DEFAULT NULL,
  `updated_at` timestamp NULL DEFAULT NULL
) ENGINE=InnoDB DEFAULT CHARSET=utf8mb4 COLLATE=utf8mb4_unicode_ci;

--
-- Dumping data for table `wishlists`
--

INSERT INTO `wishlists` (`id`, `user_id`, `prod_id`, `created_at`, `updated_at`) VALUES
(2, '1', '1', '2022-04-23 15:14:07', '2022-04-23 15:14:07'),
(3, '1', '10', '2022-04-23 15:14:13', '2022-04-23 15:14:13'),
(4, '1', '8', '2022-04-23 15:20:44', '2022-04-23 15:20:44');

--
-- Indexes for dumped tables
--

--
-- Indexes for table `carts`
--
ALTER TABLE `carts`
  ADD PRIMARY KEY (`id`);

--
-- Indexes for table `categories`
--
ALTER TABLE `categories`
  ADD PRIMARY KEY (`id`);

--
-- Indexes for table `cities`
--
ALTER TABLE `cities`
  ADD PRIMARY KEY (`id`);

--
-- Indexes for table `failed_jobs`
--
ALTER TABLE `failed_jobs`
  ADD PRIMARY KEY (`id`),
  ADD UNIQUE KEY `failed_jobs_uuid_unique` (`uuid`);

--
-- Indexes for table `migrations`
--
ALTER TABLE `migrations`
  ADD PRIMARY KEY (`id`);

--
-- Indexes for table `orders`
--
ALTER TABLE `orders`
  ADD PRIMARY KEY (`id`);

--
-- Indexes for table `order_items`
--
ALTER TABLE `order_items`
  ADD PRIMARY KEY (`id`);

--
-- Indexes for table `password_resets`
--
ALTER TABLE `password_resets`
  ADD KEY `password_resets_email_index` (`email`);

--
-- Indexes for table `personal_access_tokens`
--
ALTER TABLE `personal_access_tokens`
  ADD PRIMARY KEY (`id`),
  ADD UNIQUE KEY `personal_access_tokens_token_unique` (`token`),
  ADD KEY `personal_access_tokens_tokenable_type_tokenable_id_index` (`tokenable_type`,`tokenable_id`);

--
-- Indexes for table `products`
--
ALTER TABLE `products`
  ADD PRIMARY KEY (`id`);

--
-- Indexes for table `provinces`
--
ALTER TABLE `provinces`
  ADD PRIMARY KEY (`id`);

--
-- Indexes for table `users`
--
ALTER TABLE `users`
  ADD PRIMARY KEY (`id`),
  ADD UNIQUE KEY `users_email_unique` (`email`);

--
-- Indexes for table `wishlists`
--
ALTER TABLE `wishlists`
  ADD PRIMARY KEY (`id`);

--
-- AUTO_INCREMENT for dumped tables
--

--
-- AUTO_INCREMENT for table `carts`
--
ALTER TABLE `carts`
  MODIFY `id` bigint(20) UNSIGNED NOT NULL AUTO_INCREMENT;

--
-- AUTO_INCREMENT for table `categories`
--
ALTER TABLE `categories`
  MODIFY `id` bigint(20) UNSIGNED NOT NULL AUTO_INCREMENT, AUTO_INCREMENT=5;

--
-- AUTO_INCREMENT for table `cities`
--
ALTER TABLE `cities`
  MODIFY `id` bigint(20) UNSIGNED NOT NULL AUTO_INCREMENT, AUTO_INCREMENT=502;

--
-- AUTO_INCREMENT for table `failed_jobs`
--
ALTER TABLE `failed_jobs`
  MODIFY `id` bigint(20) UNSIGNED NOT NULL AUTO_INCREMENT;

--
-- AUTO_INCREMENT for table `migrations`
--
ALTER TABLE `migrations`
  MODIFY `id` int(10) UNSIGNED NOT NULL AUTO_INCREMENT, AUTO_INCREMENT=13;

--
-- AUTO_INCREMENT for table `order_items`
--
ALTER TABLE `order_items`
  MODIFY `id` bigint(20) UNSIGNED NOT NULL AUTO_INCREMENT, AUTO_INCREMENT=42;

--
-- AUTO_INCREMENT for table `personal_access_tokens`
--
ALTER TABLE `personal_access_tokens`
  MODIFY `id` bigint(20) UNSIGNED NOT NULL AUTO_INCREMENT;

--
-- AUTO_INCREMENT for table `products`
--
ALTER TABLE `products`
  MODIFY `id` bigint(20) UNSIGNED NOT NULL AUTO_INCREMENT, AUTO_INCREMENT=14;

--
-- AUTO_INCREMENT for table `provinces`
--
ALTER TABLE `provinces`
  MODIFY `id` bigint(20) UNSIGNED NOT NULL AUTO_INCREMENT, AUTO_INCREMENT=35;

--
-- AUTO_INCREMENT for table `users`
--
ALTER TABLE `users`
  MODIFY `id` bigint(20) UNSIGNED NOT NULL AUTO_INCREMENT, AUTO_INCREMENT=4;

--
-- AUTO_INCREMENT for table `wishlists`
--
ALTER TABLE `wishlists`
  MODIFY `id` bigint(20) UNSIGNED NOT NULL AUTO_INCREMENT, AUTO_INCREMENT=5;
COMMIT;

/*!40101 SET CHARACTER_SET_CLIENT=@OLD_CHARACTER_SET_CLIENT */;
/*!40101 SET CHARACTER_SET_RESULTS=@OLD_CHARACTER_SET_RESULTS */;
/*!40101 SET COLLATION_CONNECTION=@OLD_COLLATION_CONNECTION */;
